,Title,Link,Company Name,Company Location,Salary,Posted Before
0,Data Engineer (Early Career),https://www.indeed.com/pagead/clk?mo=r&ad=-6NYlbfkN0BvKrLyj5gPmtZO9T8euul8TCxuuKNOtzRJOomxnwSEodTz2Bc-sPZlADHp0xxmf8WOrPdGwWhfVGpEHFc8KPy8EjhSHvHJXgsA2F75JFwcNf0qy4kPNb9LkzCXXmJ9VjWGI1gvZ2cKvaW8LqLB5fTNksBkyNA-q0zYgm0MS-2-QrJucfCuM9t2NFpCzI9CEQ44GVkSj4jDn6zc8UsjTykErsg1aAW2wi2_PZNO6106jGlDoJMTty7iv5Hlofc2aEta-YUnudZhjN-lPTE53Bgx0P_D_HMnCMJawpve3HfBSggAt7YhwJE_Y64wS_2YpL4U6VSWQIRI1BqFSvVoKAlEhu3IMiescqawphJ6Pi3CX3SQF-HpFHiSELWRxMBv47gCOBWeCV5c_vfGrqN-vZegwXCUYCvcFX-DbLGZ-SdBuR9X4DgqEn6GJ74g_ab7KptTgsSGw_BET7GNxBQmrgAUDX-nmnndmcA_glvACwtGExv2wfJn6Hqy1nK4A3R7NfuBkF0pJBzquNB6Go-mVi1V0rwjxEFwrr_1xV6jFKf-wCySZMM8lIL9gftqG6snqTrT6BEBbkOj7ugh-MoQptrAg7l-pbYdjzwTmDBOdjNAOETC5KhAdPShZ_YrThQtB4cqO9aWtMJtOvCsa9vW6P_oBvI2BkAYBu4n6cRHwscoZ55lb23y6i-ADuctwas99pxtJd5up9FqUcGEqTyfqufC_IFbRa2Hr5kx9BRLN7HYtiwKjvkIkkW8FNN-4kAEu_U0R5kS9jnFddRdbvUdUlI_6XA1U9Pd_Ifb1D0ZMHUSuPaKlEzu3prWZx3Ug9GLEcQE-xb8DyNJlico2v29B6tO32xG4nYCgGowpsvLKoSg_buLvao4ZsHyUjn6Gy_9gTucAyUNucBQSovWFEkpUTs3oh-s4rA1KOUiGx88ufTFIPEeDYJTjOdIEM2Oqiyl8XGJxLukeI6nV7qeoo9sZIUcQ7qvhERXoX5jjDQ0cs9Osw==&xkcb=SoDo-_M3bJbRFU29Zp0KbzkdCdPP&p=0&fvj=0&vjs=3,Apple,"Austin, TX+10 locations",NA,18 days ago
1,Data Engineer,https://www.indeed.com/rc/clk?jk=f0c432e3923327cb&fccid=b73278f10efdecc4&vjs=3,eTeam Inc.,"Austin, TX",Contract,30+ days ago
2,Data Engineer,https://www.indeed.com/rc/clk?jk=c88b779349d52e66&fccid=86e9be6ce380173e&vjs=3,Tesla,"Austin, TX+2 locations",Full-time,30+ days ago
3,Data Engineer,https://www.indeed.com/company/Purple-Drive-Technologies/jobs/Data-Engineer-7c7001cec6ffb13f?fccid=b50885016c495d25&vjs=3,Purple Drive Technologies,"Austin, TX",From $55 an hour,30+ days ago
4,"Data Engineer, Junior",https://www.indeed.com/rc/clk?jk=aac87d53d52f6162&fccid=4e041af1d0af1bc8&vjs=3,Booz Allen Hamilton,"Remote in Austin, TX",NA,23 days ago
5,Data Engineer/Data Scientist,https://www.indeed.com/rc/clk?jk=77596d3f2215ec08&fccid=de554c5e8aef182b&vjs=3,PFL,"Austin, TX 78727","$115,000 - $145,000 a year",30+ days ago
6,Entry Level Data Engineer,https://www.indeed.com/company/PCS-GLOBAL-TECH/jobs/Entry-Level-Data-Engineer-10de2c3850806c31?fccid=252beafbd99a6037&vjs=3,PCS GLOBAL TECH,"Austin, TX","$65,000 - $70,000 a year",5 days ago
7,Data Engineer,https://www.indeed.com/rc/clk?jk=074fc42385e0292a&fccid=d113f5fdf3e1cb7b&vjs=3,NXP Semiconductors,"Austin, TX 78735 (West Oak Hill area)",Full-time,30+ days ago
8,Data Engineer - Marketplace,https://www.indeed.com/rc/clk?jk=f11b5d545c30c328&fccid=172d63458e7522d6&vjs=3,Flippa,"Remote in Austin, TX 78702",Full-time,10 days ago
9,"Analytics Engineer, Data Science | Bankrate",https://www.indeed.com/rc/clk?jk=b430fd0e86013944&fccid=c39dcf34372f1519&vjs=3,Red Ventures,"Remote in Austin, TX+1 location",NA,5 days ago
10,Data Visualization Engineer,https://www.indeed.com/rc/clk?jk=2928fee2b491823f&fccid=8ccbd6370289bc0a&vjs=3,VisionWeb Holdings LLC,"Austin, TX 78730",Full-time,30+ days ago
11,Data Engineer,https://www.indeed.com/rc/clk?jk=9348647e4cd1ae32&fccid=09e02654c2f26bbd&vjs=3,Recruiting From Scratch,"Remote in Austin, TX 73301+2 locations","$160,000 - $200,000 a year",26 days ago
12,(Junior / Senior) Data Engineer - Sports Analytics,https://www.indeed.com/rc/clk?jk=1b23ea790833098b&fccid=80816981c594885b&vjs=3,Zelus Analytics,"Remote in Austin, TX","$75,000 - $150,000 a year",30+ days ago
13,Data Engineer I (REMOTE),https://www.indeed.com/rc/clk?jk=84df04d829672a21&fccid=4cf53d6a7eb5ef1b&vjs=3,Everi Games Inc,"Remote in Austin, TX",Full-time,17 days ago
14,Analytics Data Engineer,https://www.indeed.com/rc/clk?jk=cf2543e0d07afd49&fccid=c94a7ec764b15f7e&vjs=3,Central Health,"Austin, TX 78759 (North Shoal Creek area)",Full-time,2 days ago
15,Analytics Data Engineer,https://www.indeed.com/rc/clk?jk=cf2543e0d07afd49&fccid=c94a7ec764b15f7e&vjs=3,Central Health,"Austin, TX 78759 (North Shoal Creek area)",Full-time,2 days ago
16,"Data Engineer, Data to Insights Initiative (D2I)",https://www.indeed.com/rc/clk?jk=e4883d930d034924&fccid=f7282ad3490137c7&vjs=3,University of Texas at Austin,"Austin, TX 78701 (Downtown area)",Full-time,30+ days ago
17,Data Engineer,https://www.indeed.com/rc/clk?jk=54cefabc110e883f&fccid=e878d032323d129e&vjs=3,DispatchHealth,"Remote in Austin, TX","$110,000 - $140,000 a year",18 days ago
18,"Data Engineer, Amazon Business Customer Data",https://www.indeed.com/rc/clk?jk=986ef3d45ede6c4a&fccid=fe2d21eef233e94a&vjs=3,Amazon.com Services LLC,"Austin, TX+12 locations",Full-time,PostedJust posted
19,Data Engineer Java,https://www.indeed.com/company/Numentica/jobs/Data-Engineer-Java-b4fec22e9dede912?fccid=d69983d939b0a59f&vjs=3,Numentica LLC,"Austin, TX 78705 (Hancock area)",$50 - $55 an hour,1 day ago
20,Data Engineer,https://www.indeed.com/rc/clk?jk=051216da6a172ca1&fccid=5a969b35c0256a8a&vjs=3,Glassdoor,"Austin, TX","$111,200 - $166,800 a year",30+ days ago
21,Data Engineer II,https://www.indeed.com/rc/clk?jk=b79dca5697678f43&fccid=160efb82f2462f14&vjs=3,Expedia Group,"Austin, TX 78758 (North Austin area)+5 locations",Full-time,30+ days ago
22,"Data Security Engineer, Data to Insights Initiative",https://www.indeed.com/rc/clk?jk=fb316bb3069bb88e&fccid=f7282ad3490137c7&vjs=3,University of Texas at Austin,"Temporarily Remote in Austin, TX 78701","$116,766 a year",30+ days ago
23,"Product Success, Data Engineer",https://www.indeed.com/rc/clk?jk=bb5b4d5ec47205ea&fccid=7a310f14def4cec8&vjs=3,Datavant,"Remote in Austin, TX",NA,30+ days ago
24,Data Engineer,https://www.indeed.com/rc/clk?jk=ef7c22700d3323a1&fccid=420b591004b16413&vjs=3,Sharethrough,"Austin, TX",Full-time,30+ days ago
25,+ Azure Data Engineer - 4379885,https://www.indeed.com/rc/clk?jk=b7bd0e90f21af2c1&fccid=a4e4e2eaf26690c9&vjs=3,Accenture,"Austin, TX+3 locations",$71 - $146 an hour,13 days ago
26,Data Engineer II,https://www.indeed.com/rc/clk?jk=dff63db6f66b4bc9&fccid=a972580043b07190&vjs=3,Away,"Remote in Austin, TX",NA,10 days ago
27,Data Engineer,https://www.indeed.com/rc/clk?jk=073b8690c898ec7c&fccid=dd616958bd9ddc12&vjs=3,Lasso Marketing,"Austin, TX",Full-time,30+ days ago
28,Data Engineer,https://www.indeed.com/company/Kestra-Financial/jobs/Data-Engineer-13619a5048f78e79?fccid=e34d742ed19aea59&vjs=3,Kestra Financial,"Austin, TX 78735",Full-time,3 days ago
29,Data Engineer,https://www.indeed.com/rc/clk?jk=d208d4132ed435d7&fccid=89456ac86028f0ea&vjs=3,Talroo,"Austin, TX",NA,30+ days ago
30,Data Engineer - Telecommute,https://www.indeed.com/rc/clk?jk=689b923a2b5a14de&fccid=3c38342724c75954&vjs=3,Optum,"Remote in Austin, TX 73344+1 location","$66,100 - $118,300 a year",30+ days ago
31,Data Engineer - DE22-02221333000,https://www.indeed.com/rc/clk?jk=e217b2ace2bd69af&fccid=506bdb7ba382e227&vjs=3,"Evergreen Technologies, LLC.","Remote in Austin, TX+1 location",Contract,17 days ago
32,Back End Engineer - Data & Geoscience Team,https://www.indeed.com/rc/clk?jk=f368e356d20e805f&fccid=9fa954543011bb16&vjs=3,Studio X,"Austin, TX",Full-time,24 days ago
33,Data Engineer,https://www.indeed.com/rc/clk?jk=7f4c4dec77eca8ff&fccid=6693d189d393d08b&vjs=3,AdAction Interactive LLC,"Remote in Austin, TX 78735",NA,30+ days ago
34,Data Engineer,https://www.indeed.com/rc/clk?jk=aa4c4c25bc40bb5f&fccid=5f53813d97836415&vjs=3,Pennybacker Capital,"Austin, TX",NA,14 days ago
35,Data Engineer,https://www.indeed.com/rc/clk?jk=cc1f9a67bd5bb5fe&fccid=7dd797e7bdfd7d63&vjs=3,"Phunware, Inc","Austin, TX 78757 (Allandale area)",Full-time,30+ days ago
36,Data Modeling Engineer,https://www.indeed.com/rc/clk?jk=aa12e3715d81085c&fccid=6c6f37e2a6cb4c55&vjs=3,Applied Materials,"Austin, TX",Full-time,30+ days ago
37,Training and Placement in Java & data engineer for OPT / GC on W2 roles,https://www.indeed.com/company/TechIntelli-Solutions-Inc/jobs/Training-Placement-Java-Data-Engineer-Opt-199eb6c061abe4ae?fccid=58b974fcaf6fb1de&vjs=3,Techintelli Solutions INC,"Austin, TX","$60,000 - $75,000 a year",Hiring ongoing
38,Data Engineer,https://www.indeed.com/rc/clk?jk=3298e61225234c5d&fccid=c57da989524f65e7&vjs=3,Cloudflare,"Austin, TX+2 locations",NA,30+ days ago
39,Implementation Data Engineer/Solutions Engineer (remote),https://www.indeed.com/company/TalentTECH/jobs/Implementation-Data-Engineer-Solution-Engineer-3694882562132124?fccid=a9abd1c21570fe23&vjs=3,TalentTECH,"Remote in Austin, TX+1 location","$80,000 - $110,000 a year",18 days ago
40,Data Analyst / Data Engineer / BI Developer,https://www.indeed.com/rc/clk?jk=78fac8ca4714b4eb&fccid=b73278f10efdecc4&vjs=3,eTeam Inc.,"Austin, TX",Contract,6 days ago
41,Data Science and Supportability Engineer (Remote),https://www.indeed.com/rc/clk?jk=dbbe74e9d0ed5e77&fccid=3d30677097704d8f&vjs=3,Collins Aerospace,"Remote in Austin, TX 73301",Full-time,23 days ago
42,Data Engineer II,https://www.indeed.com/rc/clk?jk=96937d6be772cac1&fccid=06305b44abdc1b42&vjs=3,Away Travel,"Remote in Austin, TX",NA,10 days ago
43,"Battery Manufacturing Engineer, Data Process",https://www.indeed.com/rc/clk?jk=0745b434a2b71fdd&fccid=86e9be6ce380173e&vjs=3,Tesla,"Austin, TX",Full-time,30+ days ago
44,Data Engineer,https://www.indeed.com/rc/clk?jk=1a302ebd57b170bc&fccid=f51397a6478147a9&vjs=3,Corvus Insurance,"Remote in Austin, TX",NA,30+ days ago
45,Data Engineer,https://www.indeed.com/rc/clk?jk=85a6b43d49c717be&fccid=53d989c7db47f5f5&vjs=3,Eleanor Health,"Remote in Austin, TX",Full-time,30 days ago
46,PySpark Data Engineer,https://www.indeed.com/rc/clk?jk=163a497597e91920&fccid=9e215d88a6b33622&vjs=3,Deloitte,"Austin, TX+1 location",Full-time,30+ days ago
47,Big Data Engineer,https://www.indeed.com/company/PRO-IT/jobs/Big-Data-Engineer-b6ee25fb86a686e5?fccid=46538a74a4e9d584&vjs=3,PRO IT,"Austin, TX",Full-time,5 days ago
48,Data Engineer - Remote - USA,https://www.indeed.com/rc/clk?jk=6f5ded7003c9b16f&fccid=9c6c0fa81112149a&vjs=3,FullStack Labs,"Remote in Austin, TX",Full-time,30+ days ago
49,Data Engineer,https://www.indeed.com/company/Hyliion/jobs/Data-Engineer-9787d13e5043d6ea?fccid=c26677ef73be8bdf&vjs=3,Hyliion,"Austin, TX",Full-time,30+ days ago
50,Data Engineer,https://www.indeed.com/company/Hero-Digital---Job-Board/jobs/Data-Engineer-f123e42f65de6fc0?fccid=d2a29fb85e632df4&vjs=3,Hero Digital - Job Board,"Austin, TX",Full-time,23 days ago
51,DFM Data Analytics Engineer,https://www.indeed.com/rc/clk?jk=71db26fdbbd0b79d&fccid=da3c7fed78dd1607&vjs=3,Samsung Electronics,"Austin, TX 78754+1 location",Full-time,27 days ago
52,Sr. Data Engineer,https://www.indeed.com/rc/clk?jk=c6cdfa6bc6dfc4e9&fccid=0b850445aa5017dd&vjs=3,Somatus,"Remote in Austin, TX",NA,9 days ago
53,Data Engineer - Digital Services,https://www.indeed.com/rc/clk?jk=ddebbf4d7dd8afdb&fccid=ea6bb53f0b18b8f2&vjs=3,Siemens,"Austin, TX",Full-time,30+ days ago
54,Senior Data Engineer,https://www.indeed.com/company/Newsela/jobs/Senior-Data-Engineer-420e8b0f62c79ca2?fccid=f0e2c899e7547177&vjs=3,Newsela,"Austin, TX",Full-time,30+ days ago
55,Senior Data Engineer,https://www.indeed.com/rc/clk?jk=53ad01ee87859656&fccid=21b1082e21354514&vjs=3,Unstoppable Domains,"Remote in Austin, TX",NA,17 days ago
56,Senior Data Engineer,https://www.indeed.com/rc/clk?jk=b254787c1f52a57d&fccid=a3f737e511d9fc8c&vjs=3,Visa,"Hybrid remote in Austin, TX+13 locations",Full-time,3 days ago
57,Data Engineer,https://www.indeed.com/rc/clk?jk=002a2bdc549a3101&fccid=1879b2974e0c1e47&vjs=3,Cognite AS,"Austin, TX",Full-time,30+ days ago
58,Hadoop Administrator - Big Data Platform Engineer,https://www.indeed.com/rc/clk?jk=05ad7fe4eeef21ce&fccid=a3f737e511d9fc8c&vjs=3,Visa,"Austin, TX",Full-time,30+ days ago
59,Data Engineer,https://www.indeed.com/rc/clk?jk=271f3798b92760c6&fccid=e6d4ba9e2cfe7902&vjs=3,Atlassian,"Austin, TX 78701 (Downtown area)",Full-time,30+ days ago
60,Senior Big Data Engineer,https://www.indeed.com/rc/clk?jk=26ab0bda3cdf6b96&fccid=401b88eb612fbde1&vjs=3,Vericast,"Austin, TX",Full-time,3 days ago
61,Data Integration Engineer,https://www.indeed.com/rc/clk?jk=3513d49b0cbf77b4&fccid=626e23101e0e5909&vjs=3,Atlas Health,"Remote in Austin, TX",NA,30+ days ago
62,Azure Data Engineer,https://www.indeed.com/company/HTC-Global-Service.INC/jobs/Azure-Data-Engineer-be327b436363b2fb?fccid=a032a1150eb1ecde&vjs=3,HTC Global Service.INC,"Austin, TX","$150,000 - $160,000 a year",7 days ago
63,Azure data engineers,https://www.indeed.com/rc/clk?jk=25491632997111a2&fccid=3ed0572c448b2368&vjs=3,Intone Networks,"Hybrid remote in Austin, TX",Contract,30+ days ago
64,Data and Analytics Platform Engineer,https://www.indeed.com/rc/clk?jk=ffca2973f7ed5403&fccid=d3e4d44cc99b633b&vjs=3,Tokyo Electron Limited,"Remote in Austin, TX",Full-time,11 days ago
65,Data Analytics Engineer,https://www.indeed.com/rc/clk?jk=b86e8ea87c67880e&fccid=de44c903b95f6c56&vjs=3,ForeFlight,"Austin, TX 78702 (East Cesar Chavez area)",NA,27 days ago
66,"Data Engineer II, Supply Chain Technology",https://www.indeed.com/rc/clk?jk=4d457f26dc5ed6bf&fccid=95485c6456ed2114&vjs=3,Wayfair,"Austin, TX 78744 (Franklin Park area)",NA,30+ days ago
67,Lead Data Engineer - US Based Remote,https://www.indeed.com/rc/clk?jk=c43aaa75c603a048&fccid=8a2cab955e2c8fd5&vjs=3,Plum Lending,"Remote in Austin, TX",Full-time,27 days ago
68,DevOps Engineer - Data & Geoscience Team,https://www.indeed.com/rc/clk?jk=bc6a5cc2982e51b2&fccid=9fa954543011bb16&vjs=3,Studio X,"Austin, TX",Full-time,24 days ago
69,Staff Data Engineer,https://www.indeed.com/rc/clk?jk=89658cf981d7e3a7&fccid=43bdccdc48cc522c&vjs=3,CommerceHub,"Remote in Austin, TX",NA,30+ days ago
70,Data Engineer (Remote),https://www.indeed.com/rc/clk?jk=6ead942afb090af9&fccid=22f7ba07f9b31a96&vjs=3,Vacasa,"Remote in Austin, TX",NA,30+ days ago
71,Network Data Engineer,https://www.indeed.com/company/Long-Finch-Technologies/jobs/Network-Data-Engineer-0985b9fcb06a2f00?fccid=9bf4f576b42bbca8&vjs=3,Long finch technologies,"Austin, TX 78708 (North Austin area)","$75,000 - $80,000 a year",1 day ago
72,Data Engineer,https://www.indeed.com/rc/clk?jk=b5946f8786da4cb7&fccid=edbbf93fc5210a17&vjs=3,Applied Information Sciences,"Austin, TX 78731",NA,30+ days ago
73,Marketing Operations - MeSo Data Engineer II,https://www.indeed.com/rc/clk?jk=1f6c2566461dc2cf&fccid=160efb82f2462f14&vjs=3,Expedia.com,"Austin, TX",Full-time,30+ days ago
74,"Business Intelligence Engineer I, Data and Analytics Tech Applications",https://www.indeed.com/rc/clk?jk=9013edd5fae94a40&fccid=fe2d21eef233e94a&vjs=3,Amazon.com Services LLC,"Austin, TX",Full-time,30+ days ago
75,Data Engineer,https://www.indeed.com/rc/clk?jk=9094bf675348f966&fccid=65a841a7f945806c&vjs=3,Trianz,"Austin, TX 78768 (Downtown area)",NA,30+ days ago
76,Data Engineer,https://www.indeed.com/rc/clk?jk=3f300e931d09f4ab&fccid=f0a51b1dc14462e9&vjs=3,National University,"Austin, TX",Full-time,23 days ago
77,Senior Data Engineer (US Remote Available),https://www.indeed.com/rc/clk?jk=389bee6c6d6073c6&fccid=aef928e89977f7f0&vjs=3,Splunk,"Remote in Austin, TX 73301","$115,000 a year",30+ days ago
78,Sr. Data Engineer,https://www.indeed.com/rc/clk?jk=24fa66161df08371&fccid=a11551f04109279f&vjs=3,Southside Bank,"Austin, TX 78758 (The Domain area)","$100,000 - $120,000 a year",30+ days ago
79,Network Data Engineer,https://www.indeed.com/company/Longfinch-Technologies/jobs/Network-Data-Engineer-d91a6dd3e94fcfb0?fccid=50142c65b689ccc2&vjs=3,longfinch technologies,"Austin, TX","$75,000 - $80,000 a year",4 days ago
80,Senior Data Engineer,https://www.indeed.com/rc/clk?jk=9b1c4460ac4585c9&fccid=f3b836e645f9b36d&vjs=3,SAIC,"Remote in Austin, TX 78744","$125,001 - $150,000 a year",10 days ago
81,Senior Data Engineer,https://www.indeed.com/rc/clk?jk=524ffd99ac4c6eaf&fccid=1a5bf8d2e39d8e2e&vjs=3,AppFolio,"Austin, TX 78701 (Downtown area)",Full-time,30+ days ago
82,Senior Data Scientist/Machine Learning Engineer,"https://www.indeed.com/company/Dynamic-Placement-Services,-LLC/jobs/Senior-Data-Scientist-Machine-Learning-Engineer-5340ec1b8daacf3e?fccid=b4b5ef3a7571bb88&vjs=3","Dynamic Placement Services, LLC","Austin, TX 78701 (Downtown area)","Up to $145,000 a year",7 days ago
83,"SaaS Performance Data Engineer - Opportunity for Working Remotely Austin, TX",https://www.indeed.com/rc/clk?jk=af4d4e513d7c11d7&fccid=c762a27145bd166e&vjs=3,VMware,"Remote in Austin, TX",Full-time,30+ days ago
84,Sr. Data Engineer,https://www.indeed.com/rc/clk?jk=35d6903cdbe8db8d&fccid=966a8dd715d10eb7&vjs=3,WP Engine,"Austin, TX",Full-time,30+ days ago
85,Big Data Engineer,https://www.indeed.com/rc/clk?jk=cc8d39090253e3a1&fccid=8ecabf9a66b75d46&vjs=3,SpringML,"Austin, TX 78705 (Hancock - West Campus area)+1 location",Full-time,30+ days ago
86,"Data Engineer (Azure, Power BI - Austin)",https://www.indeed.com/rc/clk?jk=996608182c485802&fccid=8014c6ab9b508dd2&vjs=3,BlueGranite,"Remote in Austin, TX","$110,000 - $155,000 a year",30+ days ago
87,"Data Engineer, BPE",https://www.indeed.com/rc/clk?jk=150b85f5bc97c724&fccid=ba07516c418dda52&vjs=3,Meta,"Austin, TX+1 location",NA,30+ days ago
88,Managed Risk Analytics – Data Engineer and Solutions Analyst,https://www.indeed.com/rc/clk?jk=b2a1e96a307b6b45&fccid=a3f737e511d9fc8c&vjs=3,Visa,"Austin, TX",Full-time,3 days ago
89,Data Engineer,https://www.indeed.com/rc/clk?jk=82bbf85202d269a7&fccid=0189204a62bdb587&vjs=3,Vectra AI,"Austin, TX",NA,30+ days ago
90,Data Engineer- KWRI,https://www.indeed.com/rc/clk?jk=009e37187ff0dc8e&fccid=081c9f33417e7170&vjs=3,KWx,"Austin, TX",NA,30+ days ago
91,Data Engineer (GCP),https://www.indeed.com/rc/clk?jk=8dd6b22d0c8beeba&fccid=6032255dc9c50952&vjs=3,iVoyant,"Austin, TX",NA,30+ days ago
92,Senior Data Engineer,https://www.indeed.com/rc/clk?jk=05fc5bbada77f8d3&fccid=df3aa11e9f8aa945&vjs=3,Taskrabbit,"Austin, TX",NA,30+ days ago
93,ML Ops / Data Engineer,https://www.indeed.com/rc/clk?jk=cb0bef9b7aeae077&fccid=d01f017a3e58dbe1&vjs=3,Praetorian,"Remote in Austin, TX",NA,30+ days ago
94,Data Engineer,https://www.indeed.com/rc/clk?jk=f89f7e8610cdee91&fccid=ad2cbec66a092205&vjs=3,Hypergiant,"Remote in Austin, TX",NA,30+ days ago
95,DPS - IT - Enterprise Data Engineer Sr I - 0244,https://www.indeed.com/rc/clk?jk=9a236d27651d32ee&fccid=7f4166c3dc243265&vjs=3,TEXAS DEPARTMENT OF PUBLIC SAFETY,"Austin, TX 78752 (Highland area)","$5,259 - $7,507 a month",17 days ago
96,Senior QA Data Engineer,https://www.indeed.com/rc/clk?jk=cd51fb004a9ca03b&fccid=97f1584d4007ad51&vjs=3,ShiftKey,"Austin, TX 73301 (St Edwards area)",NA,30+ days ago
97,Sr Streaming Data Engineer,https://www.indeed.com/rc/clk?jk=57fd4da7c85272e9&fccid=5cc0cdc6dbb121cc&vjs=3,"Amazon Web Services, Inc.","Austin, TX+1 location",Full-time,30+ days ago
98,"Data Engineer II, Marketing Technology",https://www.indeed.com/rc/clk?jk=2a449ec55394e5b4&fccid=95485c6456ed2114&vjs=3,Wayfair,"Austin, TX 78744 (Franklin Park area)+2 locations",NA,30+ days ago
99,Data Center Installation Engineer,https://www.indeed.com/rc/clk?jk=c713cc1559cb1459&fccid=1cd3fff6ba29c8a6&vjs=3,Tista Science and Technology Corporation,"Austin, TX 78744 (Southeast area)",Full-time,30+ days ago
100,Data Engineer,https://www.indeed.com/rc/clk?jk=6b549f089173fb8e&fccid=0c5d5104365cdb16&vjs=3,SamCart,"Remote in Austin, TX",Full-time,23 days ago
101,Data Engineer,https://www.indeed.com/rc/clk?jk=a9433051dfa6fce3&fccid=77981693a4226254&vjs=3,"James Avery Craftsman, Inc.","Remote in Cedar Park, TX 78613",Full-time,30+ days ago
102,Senior Data Engineer,https://www.indeed.com/rc/clk?jk=7145641de13c0ad5&fccid=2f12a86d121c61c7&vjs=3,Sysco Labs,"Austin, TX 78702 (Rosewood area)",Full-time,23 days ago
103,Data Engineers,https://www.indeed.com/rc/clk?jk=6c7fde820395515f&fccid=9a4f13cfc6042a6a&vjs=3,ANALYTOS,"Austin, TX",NA,30+ days ago
104,Data backup and protection engineer,https://www.indeed.com/company/Cybertec-Inc/jobs/Data-Backup-Protection-Engineer-94169579230f8f62?fccid=459dfe0721de06e6&vjs=3,Cybertec Inc,"Remote in Round Rock, TX 78664",$40 - $50 an hour,4 days ago
105,Senior Software Engineer - Data,https://www.indeed.com/rc/clk?jk=bf2a50d6ce593500&fccid=a15dca14ca892fb7&vjs=3,CloudTrucks,"Austin, TX",Full-time,30+ days ago
106,Big-Data Engineer,https://www.indeed.com/rc/clk?jk=356013744c3a7416&fccid=b45c4b5a9c9a7448&vjs=3,"Advanced Micro Devices, Inc.","Austin, TX+1 location",NA,30+ days ago
107,Data Engineer - McKinsey Digital,https://www.indeed.com/rc/clk?jk=b2a835923d67a7d7&fccid=6576e7250aa78c3c&vjs=3,McKinsey & Company,"Austin, TX 78701 (Downtown area)",NA,30+ days ago
108,Jr or Senior Data Science Software Engineer (Remote),https://www.indeed.com/rc/clk?jk=759e30f760429c2a&fccid=a7c45263be5bd036&vjs=3,Wood Mackenzie,"Remote in Austin, TX",Full-time,3 days ago
109,"Staff Software Engineer, Data Platform",https://www.indeed.com/rc/clk?jk=5be301efcf372e5e&fccid=95485c6456ed2114&vjs=3,Wayfair,"Austin, TX 78744 (Franklin Park area)",NA,15 days ago
110,Sysco Labs Careers - Senior Data Engineer,https://www.indeed.com/rc/clk?jk=90e370f88b4f049b&fccid=053befe8409ab9e4&vjs=3,Sysco,"Austin, TX 78716",Full-time,7 days ago
111,Senior Data Engineer,https://www.indeed.com/rc/clk?jk=1044c6b86c3a7474&fccid=a7c45263be5bd036&vjs=3,Wood Mackenzie,"Austin, TX",Full-time,25 days ago
112,Sr. Software Engineer / Sr Data Engineer,https://www.indeed.com/rc/clk?jk=6b4b0b4fcbb910d4&fccid=ccf9f96e8cae7bb9&vjs=3,WellSky,"Austin, TX",NA,21 days ago
113,Lead Data Engineer,https://www.indeed.com/company/Emonics/jobs/Lead-Data-Engineer-aa0258528d0c1e04?fccid=b3b4a6a45c149841&vjs=3,Emonics Technologies,"Austin, TX+1 location","$87,831 - $140,000 a year",25 days ago
114,Data Engineer - Remote,https://www.indeed.com/rc/clk?jk=dda121514224eb78&fccid=533b130aca0b9cfa&vjs=3,League Inc.,"Remote in Austin, TX",NA,30+ days ago
115,"Sr Business Intelligence Engineer, Data and Analytics Tech Applications",https://www.indeed.com/rc/clk?jk=8a4b5a2d8741d402&fccid=fe2d21eef233e94a&vjs=3,Amazon.com Services LLC,"Austin, TX",Full-time,30+ days ago
116,Senior Data Engineer,https://www.indeed.com/rc/clk?jk=0bab6036034c73a2&fccid=b117c357fa57e851&vjs=3,Digital Turbine,"Hybrid remote in Austin, TX",Full-time,30+ days ago
117,Senior Data Quality/Integrations Engineer,https://www.indeed.com/rc/clk?jk=86175b38301238d1&fccid=f7282ad3490137c7&vjs=3,University of Texas at Austin,"Austin, TX 78701 (Downtown area)","$90,000 a year",30+ days ago
118,"Senior Data Engineer, i360",https://www.indeed.com/rc/clk?jk=40c1d4e6c87de68b&fccid=735667c8ff2f1a48&vjs=3,i360,"Austin, TX 78724","$125,000 - $200,000 a year",17 days ago
119,Data Security Engineer,https://www.indeed.com/rc/clk?jk=b34416a2d5c7de33&fccid=c1099851e9794854&vjs=3,Apple,"Austin, TX",Full-time,30+ days ago
120,"Data Engineer, Data Services",https://www.indeed.com/rc/clk?jk=13bb386efadcb04a&fccid=7c138e549c2cd781&vjs=3,Braze,"Austin, TX",NA,30+ days ago
121,Product Data Engineer,https://www.indeed.com/rc/clk?jk=66fa55b8ae7bcd4e&fccid=1072196173bf7264&vjs=3,uStudio,"Austin, TX",NA,30+ days ago
122,Associate Consulting Engineer - Federal (Data Center),https://www.indeed.com/rc/clk?jk=10edd366ad9209be&fccid=d9cf78b5cbf8e15d&vjs=3,CDW,"Austin, TX 73301 (St Edwards area)",Full-time,30+ days ago
123,Data Fabric Front-End Design Engineer,https://www.indeed.com/rc/clk?jk=20e14eab4a04a77d&fccid=b45c4b5a9c9a7448&vjs=3,"Advanced Micro Devices, Inc.","Austin, TX",NA,30+ days ago
124,Senior Data Engineer,https://www.indeed.com/rc/clk?jk=2e11199ad7416092&fccid=364340c50575ae3b&vjs=3,Atmosphere-TV,"Austin, TX",NA,11 days ago
125,Data Infrastructure Engineer (Datamesh),https://www.indeed.com/rc/clk?jk=91136f4441ef6807&fccid=401b88eb612fbde1&vjs=3,Vericast,"Austin, TX",Full-time,30+ days ago
126,"Software Development Engineer, Amazon Halo, Healthtech Data Services",https://www.indeed.com/rc/clk?jk=677e514f9ee49530&fccid=fe2d21eef233e94a&vjs=3,Amazon.com Services LLC,"Austin, TX+1 location",Full-time,30+ days ago
127,"Sr Business Intel Engineer, Infra-Finance Data Analytics",https://www.indeed.com/rc/clk?jk=74977dcaae3936a1&fccid=fe2d21eef233e94a&vjs=3,Amazon.com Services LLC,"Austin, TX",Full-time,10 days ago
128,Senior Data Engineer/Senior Analyst Engineer,https://www.indeed.com/rc/clk?jk=644f4e2aa4f15297&fccid=aef928e89977f7f0&vjs=3,Splunk,"Austin, TX 73301 (St Edwards area)",Full-time,30+ days ago
129,Data Center Operating Engineer (2nd shift),https://www.indeed.com/rc/clk?jk=0f5f05b145334f78&fccid=a5c381a5b33228a1&vjs=3,Cushman & Wakefield,"Georgetown, TX 78626",Full-time,30+ days ago
130,Senior Data Engineer,https://www.indeed.com/rc/clk?jk=6a9ed82164258f19&fccid=2d6c066bd6211c15&vjs=3,SciPlay,"Hybrid remote in Austin, TX",NA,30+ days ago
131,Senior Data Engineer,https://www.indeed.com/rc/clk?jk=a4a24a9bd851aa87&fccid=38fd7bd102c4d12e&vjs=3,Aristocrat Technologies Inc,"Hybrid remote in Austin, TX 78757",Full-time,30+ days ago
132,"Senior Data Analytics Engineer - Austin, TX",https://www.indeed.com/rc/clk?jk=5b1ff968f6ad5d6e&fccid=a242de5e335af451&vjs=3,Michael & Susan Dell Foundation,"Austin, TX 78746",NA,30+ days ago
133,Principal Data Engineer,https://www.indeed.com/rc/clk?jk=388814e7f1410d2d&fccid=e258616ae9125361&vjs=3,BazaarVoice,"Remote in Austin, TX 78746",Full-time,30+ days ago
134,Cloud Data Engineer,https://www.indeed.com/rc/clk?jk=badca7109bb0dfcc&fccid=a321096b9f1b3c50&vjs=3,Slalom Consulting,"Austin, TX",NA,30+ days ago
135,Staff Data Engineer,https://www.indeed.com/rc/clk?jk=9eabf68be2cccd35&fccid=ccf9f96e8cae7bb9&vjs=3,WellSky,"Austin, TX+1 location",NA,30+ days ago
136,Senior Data Engineer,https://www.indeed.com/rc/clk?jk=48679df361c61b0c&fccid=94c3de21fc38fa7e&vjs=3,Mercury Healthcare,"Remote in Austin, TX",NA,30+ days ago
137,REMOTE - PRINCIPAL DATA ENGINEER,https://www.indeed.com/rc/clk?jk=c68c8030dc744826&fccid=7ed5ac56090907f5&vjs=3,MAGRABBIT,"Remote in Austin, TX",NA,30+ days ago
138,Data Engineer,https://www.indeed.com/rc/clk?jk=d7e60d3815cd6fd0&fccid=5e964c4afc56b180&vjs=3,PRICE WATERHOUSE COOPERS,"Remote in Austin, TX 78703+1 location",NA,25 days ago
139,"Technical Solutions Engineer, Big Data, Google Cloud",https://www.indeed.com/rc/clk?jk=9f1f3fa1c3d68ef6&fccid=a5b4499d9e91a5c6&vjs=3,Google,"Austin, TX (Downtown area)",Full-time,30+ days ago
140,"Data Engineer - Compensation, WW Ops Comp Science",https://www.indeed.com/rc/clk?jk=91ad2c0df12f301e&fccid=fe2d21eef233e94a&vjs=3,Amazon.com Services LLC,"Austin, TX",Full-time,30+ days ago
141,Azure Data & Infrastructure Engineer,https://www.indeed.com/company/Catapult-Systems/jobs/Azure-Data-Infrastructure-Engineer-27790d94cb8dcf77?fccid=7f232ff1e0214b87&vjs=3,Catapult Systems,"Austin, TX",Full-time,9 days ago
142,"Front-end Data Visualization Engineer – Secureworks – (100% Remote US; Austin, TX; OR Work From Home)",https://www.indeed.com/rc/clk?jk=f06b4f3459d8f9e5&fccid=829a7bdb8317567f&vjs=3,Secureworks,"Remote in Austin, TX",NA,30+ days ago
143,Cloud Data Engineer,https://www.indeed.com/rc/clk?jk=63b077d5fc919ec2&fccid=2d949908fcb6b985&vjs=3,Pacific Investment Management Company LLC,"Austin, TX",Full-time,30+ days ago
144,Google Cloud Data Engineer,https://www.indeed.com/rc/clk?jk=74c4ee06a178a8bb&fccid=a4e4e2eaf26690c9&vjs=3,Accenture,"Austin, TX","$72,400 - $124,999 a year",30+ days ago
145,Senior Data Engineer,https://www.indeed.com/rc/clk?jk=519ca729c41f76e6&fccid=1dc32badf02d6835&vjs=3,Integral Ad Science,"Remote in Austin, TX+1 location",NA,26 days ago
146,Senior Data Engineer,https://www.indeed.com/rc/clk?jk=dd86b3660743d3ae&fccid=824f64d0ff3c8c8f&vjs=3,2K,"Austin, TX",NA,30 days ago
147,Senior Data Engineer,https://www.indeed.com/rc/clk?jk=40e502200716ddb8&fccid=19fcd6b7063fbed4&vjs=3,Aristocrat Technologies Inc,"Hybrid remote in Austin, TX 78757",Full-time,30+ days ago
148,Sr. Data Scientist/Machine Learning Engineer,https://www.indeed.com/company/FORMAC/jobs/Senior-Data-Scientist-Machine-Learning-Engineer-e71ebd8b0cddad4c?fccid=9700547e24b48fe2&vjs=3,Formac,"Austin, TX","$97,988 - $150,860 a year",30+ days ago
149,"Quality Engineer II, Data Platform",https://www.indeed.com/rc/clk?jk=2c76b803f9ec99d2&fccid=e258616ae9125361&vjs=3,BazaarVoice,"Remote in Austin, TX 78746",Full-time,30+ days ago
150,Senior Data Engineer,https://www.indeed.com/rc/clk?jk=b3642c609d0354ac&fccid=b7066b0b5972b293&vjs=3,B.well Connected Health,"Remote in Austin, TX",NA,30+ days ago
151,Senior Big Data Software Engineer (R4881),https://www.indeed.com/rc/clk?jk=81b9f023801ef808&fccid=e258616ae9125361&vjs=3,BazaarVoice,"Austin, TX 78746",Full-time,30+ days ago
152,Senior Data Engineer,https://www.indeed.com/rc/clk?jk=e3f0829dfdd9c010&fccid=a3af736f7a482061&vjs=3,"Double Line, Inc.","Austin, TX",Full-time,30+ days ago
153,Data Analysis Engineer (Electric/Power Distribution Systems),https://www.indeed.com/company/Electric-Power-Engineers/jobs/Data-Analysis-Engineer-420e63f08b341ef7?fccid=ad61e96bd50a69b9&vjs=3,Electric Power Engineers,"Austin, TX 78738",Full-time,30+ days ago
154,"Site Reliability Engineer, Data Platform (Austin, Texas)",https://www.indeed.com/rc/clk?jk=920f4116b0686144&fccid=86e9be6ce380173e&vjs=3,Tesla,"Austin, TX",Full-time,30+ days ago
155,"Data Engineer III, Spectrum Enterprise",https://www.indeed.com/rc/clk?jk=48a30bf579b1a646&fccid=c2d1b0769a534b4d&vjs=3,Spectrum,"Austin, TX 78759 (Arboretum area)",Full-time,26 days ago
156,"Java Backend Engineer, Data, Merchant Engineering",https://www.indeed.com/rc/clk?jk=51c2e161aacf4a2c&fccid=978d9fd9799d55a8&vjs=3,PayPal,"Austin, TX",Full-time,30+ days ago
157,"Senior Data Engineer, Content Intelligence",https://www.indeed.com/rc/clk?jk=7269963ce3718f3d&fccid=e258616ae9125361&vjs=3,BazaarVoice,"Remote in Austin, TX 78746",Full-time,30+ days ago
158,Software Engineer - Big Data,https://www.indeed.com/rc/clk?jk=6a9d344951ac1d09&fccid=617d7f961cfcf54a&vjs=3,Electronic Arts,"Austin, TX 78729",Full-time,30+ days ago
159,"Software Development Engineer – Big Data, AWS Athena",https://www.indeed.com/rc/clk?jk=a83a54599dfe0db8&fccid=5cc0cdc6dbb121cc&vjs=3,"Amazon Web Services, Inc.","Austin, TX",Full-time,30+ days ago
160,"Senior Software Engineer, Data Infrastructure",https://www.indeed.com/rc/clk?jk=e0279c4d0f16b7f6&fccid=e7c7bace894a9291&vjs=3,Reddit,"Remote in Austin, TX",NA,30+ days ago
161,Cloud Data Engineer,https://www.indeed.com/rc/clk?jk=621451ba82131b3e&fccid=3b4d415851497e24&vjs=3,ClearDATA,"Remote in Austin, TX 78701",NA,30+ days ago
162,Senior Data Platform/ML Infra Engineer,https://www.indeed.com/rc/clk?jk=ea1ce2b2da97f027&fccid=96b9503e35c0f0a9&vjs=3,EasyPost,"Austin, TX",Full-time,30+ days ago
163,Data Reliability Engineer,https://www.indeed.com/rc/clk?jk=bbcf04bb60f34a42&fccid=bc675912b67fcb67&vjs=3,Procore Technologies,"Remote in Austin, TX",Full-time,30+ days ago
164,Data Engineer III (REMOTE),https://www.indeed.com/rc/clk?jk=7e00f5102c323a34&fccid=22f3171d623451cc&vjs=3,Ryder System,"Remote in Austin, TX 78703",NA,18 days ago
165,Data Engineer – Remote,https://www.indeed.com/rc/clk?jk=6e925149e5f58fd6&fccid=f4a9bd63e3986889&vjs=3,League Inc,"Remote in Austin, TX+1 location",NA,30+ days ago
166,Senior Data Engineer,https://www.indeed.com/rc/clk?jk=e2750a1b40972536&fccid=c8100afc42779772&vjs=3,Turo,"Remote in Austin, TX",Full-time,17 days ago
167,Senior Software Engineer - Payment Risk Data,https://www.indeed.com/rc/clk?jk=0412c8de36cada4c&fccid=7d28c1874e2d22be&vjs=3,Bill.com,"Austin, TX",NA,24 days ago
168,"Sr Consultant, Software Engineer (Full time)| Business & Data Solutions",https://www.indeed.com/rc/clk?jk=dc33495b22a7d6e3&fccid=a3f737e511d9fc8c&vjs=3,Visa,"Hybrid remote in Austin, TX+2 locations",Full-time,6 days ago
169,Senior Data Engineer,https://www.indeed.com/rc/clk?jk=4dc5b3567e124ced&fccid=0f9de32de03e27c9&vjs=3,Kasa Living,"Remote in Austin, TX",NA,30+ days ago
170,Lead Data Engineer,https://www.indeed.com/rc/clk?jk=4a573b5ef7a8a25e&fccid=978d9fd9799d55a8&vjs=3,PayPal,"Austin, TX",Full-time,30+ days ago
171,"Senior Staff Software Engineer, Data Architecture",https://www.indeed.com/rc/clk?jk=05da94403d4322fb&fccid=d26901b7a9b35c6c&vjs=3,BlockFi,"Austin, TX",NA,30 days ago
172,Senior Data Engineer,https://www.indeed.com/rc/clk?jk=c1a22969ac6ef124&fccid=5902a1453cd6089b&vjs=3,Teacher Retirement System of Texas,"Austin, TX 78701 (Downtown area)",Full-time,30+ days ago
173,Data Engineer,https://www.indeed.com/rc/clk?jk=3a608be663bf460d&fccid=9de52fa9ca5b17cd&vjs=3,Merkle,"Austin, TX 78701 (Downtown area)",NA,30+ days ago
174,"Software Engineer II, Data",https://www.indeed.com/rc/clk?jk=fc832596b3ed9b72&fccid=f766f8bfbc3effb7&vjs=3,Uber,"Austin, TX 78701 (Downtown area)",Full-time,30+ days ago
175,"Senior Data Engineer - Risk, Money and Safety",https://www.indeed.com/rc/clk?jk=40638d8f0ae740cf&fccid=f766f8bfbc3effb7&vjs=3,Uber,"Austin, TX 78701 (Downtown area)",Full-time,30+ days ago
176,Senior Data Warehouse Engineer,https://www.indeed.com/rc/clk?jk=c71a1cd2aa7f6536&fccid=e7c7bace894a9291&vjs=3,Reddit,"Remote in Austin, TX",NA,30+ days ago
177,Senior Data Engineer - Activision Blizzard Media,https://www.indeed.com/rc/clk?jk=2c3a47ec11c80f93&fccid=cadcae9e8089792b&vjs=3,King.com,"Austin, TX",NA,30+ days ago
178,Sr. QA Engineer - Data Analytics & Risk Mgmt,https://www.indeed.com/company/Apollo-Endosurgery/jobs/Senior-QA-Engineer-f028f9f142abf824?fccid=569e25ba34103020&vjs=3,Apollo Endosurgery,"Austin, TX",Full-time,30+ days ago
179,Security Data Engineer,https://www.indeed.com/rc/clk?jk=2562371ddfc71f10&fccid=e7c7bace894a9291&vjs=3,Reddit,"Remote in Austin, TX",NA,30+ days ago
180,Cloud Data Engineer (AWS & Python),https://www.indeed.com/rc/clk?jk=d8cf568573aaa4a9&fccid=4d9aaa630f41a058&vjs=3,COREL CORPORATION USA,"Austin, TX 78733",Full-time,30+ days ago
181,Senior Data QA Engineer,https://www.indeed.com/rc/clk?jk=ac6decf567526cc8&fccid=5263009547a8ce19&vjs=3,OpenTable,"Austin, TX",NA,30+ days ago
182,Staff Big Data Software Engineer,https://www.indeed.com/rc/clk?jk=128e26a91f6688be&fccid=e258616ae9125361&vjs=3,BazaarVoice,"Remote in Austin, TX 78746",Full-time,30+ days ago
183,"Senior Software Engineer, Big Data",https://www.indeed.com/rc/clk?jk=2c58ba8e7dd96ab2&fccid=1dc32badf02d6835&vjs=3,Integral Ad Science,"Remote in Austin, TX",NA,30+ days ago
184,"Data Engineer - AdTech Consultant, Ad Tech Solutions",https://www.indeed.com/rc/clk?jk=b0ce7f7d079dfb60&fccid=fe2d21eef233e94a&vjs=3,Amazon.com Services LLC,"Austin, TX",Full-time,30+ days ago
185,Lead Systems Engineer (Big Data Platform),https://www.indeed.com/rc/clk?jk=f25af8b0a9c9e43c&fccid=a3f737e511d9fc8c&vjs=3,Visa,"Hybrid remote in Austin, TX",Full-time,26 days ago
186,Senior Data Science Engineer,https://www.indeed.com/rc/clk?jk=8e65808f61602ad2&fccid=ccf155b8e5eb4bf8&vjs=3,eBay Inc.,"Austin, TX",NA,30+ days ago
187,"Software Engineer, Data",https://www.indeed.com/rc/clk?jk=9b97808a6acff130&fccid=5756f855d0a2475d&vjs=3,Acrisure Technology Group,"Austin, TX",NA,30+ days ago
188,Data Engineer,https://www.indeed.com/rc/clk?jk=1b88651c1c70c2ec&fccid=13c11dac3d323b9a&vjs=3,OneSource Regulatory,"Austin, TX 73301 (St Edwards area)",Full-time,20 days ago
189,Data Engineer - Product,https://www.indeed.com/rc/clk?jk=78cda130c659132b&fccid=75b5846df30a6a73&vjs=3,Datto Jobs,"Remote in Austin, TX+1 location",NA,30+ days ago
190,"Senior Consultant, Data Engineer - Visa Business Data Solutions, New Payment Flows",https://www.indeed.com/rc/clk?jk=3bb15bfcdc4d3484&fccid=a3f737e511d9fc8c&vjs=3,Visa,"Austin, TX",Full-time,30+ days ago
191,"Senior Specialist, Data Engineers",https://www.indeed.com/rc/clk?jk=849030e1fc740569&fccid=2dd390c3a48a7ed0&vjs=3,KPMG,"Austin, TX 78701 (Downtown area)+1 location",NA,30+ days ago
192,Insurance Cloud Data Warehouse Engineer- Senior Associate,https://www.indeed.com/rc/clk?jk=9b45b4b84766fe86&fccid=5e964c4afc56b180&vjs=3,PRICE WATERHOUSE COOPERS,"Remote in Austin, TX 78703+2 locations",NA,30+ days ago
193,Data Governance Engineer - Manager,https://www.indeed.com/rc/clk?jk=85227eb48944cebb&fccid=5e964c4afc56b180&vjs=3,PRICE WATERHOUSE COOPERS,"Remote in Austin, TX 78703",NA,30+ days ago
194,Senior Big Data System Engineer,https://www.indeed.com/rc/clk?jk=b75119f5aaa6faae&fccid=9e215d88a6b33622&vjs=3,Deloitte,"Austin, TX",Full-time,30+ days ago
195,Data Engineer,https://www.indeed.com/rc/clk?jk=3a608be663bf460d&fccid=9de52fa9ca5b17cd&vjs=3,Merkle,"Austin, TX 78701 (Downtown area)",NA,30+ days ago
196,Data Engineer,https://www.indeed.com/rc/clk?jk=d7e60d3815cd6fd0&fccid=5e964c4afc56b180&vjs=3,PRICE WATERHOUSE COOPERS,"Remote in Austin, TX 78703+1 location",NA,25 days ago
197,"Data Engineer - AdTech Consultant, Ad Tech Solutions",https://www.indeed.com/rc/clk?jk=b0ce7f7d079dfb60&fccid=fe2d21eef233e94a&vjs=3,Amazon.com Services LLC,"Austin, TX",Full-time,30+ days ago
198,Senior Data Infrastructure Engineer at Speech to Text Startup,https://www.indeed.com/rc/clk?jk=7e0d6ba1f128d389&fccid=09e02654c2f26bbd&vjs=3,Recruiting From Scratch,"Remote in Austin, TX 73301",NA,30+ days ago
199,Security Data Engineer,https://www.indeed.com/rc/clk?jk=2562371ddfc71f10&fccid=e7c7bace894a9291&vjs=3,Reddit,"Remote in Austin, TX",NA,30+ days ago
200,"Java Backend Engineer, Data, Merchant Engineering",https://www.indeed.com/rc/clk?jk=51c2e161aacf4a2c&fccid=978d9fd9799d55a8&vjs=3,PayPal,"Austin, TX",Full-time,30+ days ago
201,Senior Software Engineer - Data Platform,https://www.indeed.com/rc/clk?jk=506b53273e370445&fccid=b4df24bc350094d0&vjs=3,Alldus,"Austin, TX",NA,30+ days ago
202,Cloud Big Data Engineer NBI_US,https://www.indeed.com/rc/clk?jk=1b52b04caf83225e&fccid=9e215d88a6b33622&vjs=3,Deloitte,"Austin, TX+1 location",Full-time,30+ days ago
203,"Senior Associate, Data Scientist Engineer - Advisory Data Organization",https://www.indeed.com/rc/clk?jk=ee08d52123c76a61&fccid=2dd390c3a48a7ed0&vjs=3,KPMG,"Austin, TX 78701 (Downtown area)",NA,30+ days ago
204,"Software Engineer, Data Infrastructure",https://www.indeed.com/rc/clk?jk=9ae4bc680e8eff68&fccid=e7c7bace894a9291&vjs=3,Reddit,"Remote in Austin, TX",NA,30+ days ago
205,"REMOTE Data Engineer - Python, ETL, SQL Server",https://www.indeed.com/pagead/clk?mo=r&ad=-6NYlbfkN0CpFJQzrgRR8WqXWK1qKKEqALWJw739KlKqr2H-MSI4eoBlI4EFrmor2FYZMP3muM1oRu76nIrQEeVzujcyTnZ-tEPRrtpSrKNgdSj0V2Ahelas0iIHOM8-IjxEKnP5JemyTRGyci5xar1joZQzwgXU-Ner3wkLVzKRUJJ9cAIXdtu6uPZ0smb9DWKIEzMdtrJKZA89700V0vijBE-C_JQ5WiLYQm4Ek1doQBC8uowVtOskk6pNuimjGbwHGac6Gxi9_osqr5-wAAcBFDrWZ_DFRrHCTR4zrRVfgC8YPA2tOZ3-3GeSfbckdNhb7WDhwxMUPOlVxzCsGtrGLPnCXaAs5wAuE__JGrv9YaRvcEGFsGzwsLIKcfdLlaeJdwqq51PmQcr-gRbg-FnkRQ6D9_pdRRGQqzt7Jx33zhZXubYVxNURrgQzUi_aq9fW1s2QrKXz2oGfw2usrGdoFaAgfWZ-twVDZ_3OoqBSb-ptOn12VJHt_t8LX7b3Ma_G7qoV2zvk89mICHj5g-b7AmqZmFtEoJSfhVSoOpIUugj6A353HrWUrCnT8SBqOsPiCHkjlmQCxBB8VOX1XRdQ-QQ_Szz2RyS7ehFggXlQB2wYh3UirPmSc4emmi7x2cRlYoYthokPcfUWRU4MeC6g2ot0ddi1ir8-IfqoceRg62h-Pk_sLRwRAeMjBf1i8f3wDL6X8cZLcGWty3pHpzPgsIl7ruWccUUoaNbJhc5QISZCTUs3Tao7YhJ7zdp_azTDSW1eJ73L-n3FaAd7OxJZvgE13K72Xcc_PxpSzijXpaI9vpBTBK6dwtbSpXsAC8GXS_hbkt6fiMYUxuFbmCiIRDxuyzU8jn4b3SdaanPNVwsfiQSOSw8OfHVbj8u_o2CHk7L9BTZYKV52OiyQXeasm5_HlVVV8cahqJkMHeOMcuEdcpMvp9UL4RRBFVsTnSyYXnnX3t2QRolQFT05o5yFxRUCyzpwCK_DhjzaY76r_-slaDCUpTymbOc1sXKsLU42Oas5ulVqD1ntoAJB2aw5EZNZTQnZ&xkcb=SoAf-_M3bJbqdjQjnx0LbzkdCdPP&p=10&fvj=0&vjs=3,CyberCoders,"Remote in Austin, TX 78703+4 locations","$120,000 - $140,000 a year",2 days ago
206,Lead Systems Engineer (Big Data Platform),https://www.indeed.com/rc/clk?jk=f25af8b0a9c9e43c&fccid=a3f737e511d9fc8c&vjs=3,Visa,"Hybrid remote in Austin, TX",Full-time,26 days ago
207,"Senior Backend Engineer, Data Processing & Workflow Foundations, Infrastructure",https://www.indeed.com/rc/clk?jk=3ba5eae72f6ad2f6&fccid=e7c7bace894a9291&vjs=3,Reddit,"Remote in Austin, TX",NA,30+ days ago
208,Insurance Cloud Data Warehouse Engineer- Senior Associate,https://www.indeed.com/rc/clk?jk=9b45b4b84766fe86&fccid=5e964c4afc56b180&vjs=3,PRICE WATERHOUSE COOPERS,"Remote in Austin, TX 78703+2 locations",NA,30+ days ago
209,Principal Software Engineer - Data Platform,https://www.indeed.com/rc/clk?jk=64a97c6e91a6c282&fccid=38081eb9e2cc9206&vjs=3,Clari,"Remote in Austin, TX",Full-time,30+ days ago
210,Principal Software Development Engineer - Big Data Cloud DevOps,https://www.indeed.com/rc/clk?jk=52904b8ef9389817&fccid=9ac45d217f8342a1&vjs=3,Workday,"Austin, TX",Full-time,30+ days ago
211,Senior Data Engineer - Search Indexing,https://www.indeed.com/rc/clk?jk=afec15930294e28b&fccid=e7c7bace894a9291&vjs=3,Reddit,"Remote in Austin, TX",NA,30+ days ago
212,Data Center Operating Engineer (2nd shift),https://www.indeed.com/rc/clk?jk=0f5f05b145334f78&fccid=a5c381a5b33228a1&vjs=3,Cushman & Wakefield,"Georgetown, TX 78626",Full-time,30+ days ago
213,Senior/Lead/Principal Data Engineer,https://www.indeed.com/rc/clk?jk=04450b05ebcfe459&fccid=4027cfd917e1ee29&vjs=3,Salesforce,"Austin, TX","$98,900 a year",30+ days ago
214,"Data Engineer, Model Validation - Financial Services Compliance",https://www.indeed.com/rc/clk?jk=bf40d6c8f787e2da&fccid=c1099851e9794854&vjs=3,Apple,"Austin, TX",NA,30+ days ago
215,"Software Engineer Data & Control Plane Team - Opportunity for Working Remotely Austin, TX",https://www.indeed.com/rc/clk?jk=92aacd048cfe9a34&fccid=c762a27145bd166e&vjs=3,VMware,"Remote in Austin, TX",Full-time,30+ days ago
216,Cloud Data Engineer Architect,https://www.indeed.com/rc/clk?jk=37b96c64866b075d&fccid=9e215d88a6b33622&vjs=3,Deloitte,"Austin, TX",Full-time,30+ days ago
217,Data Governance Engineer - Manager,https://www.indeed.com/rc/clk?jk=85227eb48944cebb&fccid=5e964c4afc56b180&vjs=3,PRICE WATERHOUSE COOPERS,"Remote in Austin, TX 78703",NA,30+ days ago
218,"Senior Consultant, Data Engineer - Visa Business Data Solutions, New Payment Flows",https://www.indeed.com/rc/clk?jk=3bb15bfcdc4d3484&fccid=a3f737e511d9fc8c&vjs=3,Visa,"Austin, TX",Full-time,30+ days ago
219,"Distributed Systems (Modern Data Platform) Software Engineer - Opportunity for Working Remotely Austin, TX",https://www.indeed.com/rc/clk?jk=8e59eb8b0409cf79&fccid=c762a27145bd166e&vjs=3,VMware,"Remote in Austin, TX",Full-time,30+ days ago
220,Senior Software Engineer - Data Security,https://www.indeed.com/rc/clk?jk=576e9a27414eccdf&fccid=e21f6affbb4bb0b2&vjs=3,Twitch,"Remote in Austin, TX",NA,30+ days ago
221,Software Engineer III - Cloud Data Platform,https://www.indeed.com/rc/clk?jk=a227fb2c2e50af61&fccid=eeaf6e4fd346d590&vjs=3,Bright Health,"Remote in Austin, TX",NA,30+ days ago
222,"REMOTE Data Engineer - Python, ETL, SQL Server",https://www.indeed.com/pagead/clk?mo=r&ad=-6NYlbfkN0CpFJQzrgRR8WqXWK1qKKEqALWJw739KlKqr2H-MSI4eoBlI4EFrmor2FYZMP3muM1oRu76nIrQEeVzujcyTnZ-tEPRrtpSrKNgdSj0V2Ahelas0iIHOM8-IjxEKnP5JemyTRGyci5xar1joZQzwgXU-Ner3wkLVzKRUJJ9cAIXdtu6uPZ0smb9sDR29EKuZfP9ouTjhTbDRhjNAhZTdwftBaxx0WDhv2aDIqiG-6GlRy2-lQIQHv6yfebRS_2xgmal-uFY3hzDXEknxrfFR8fOXpfWDzi7db-OCAnAulWDLTVbMCNky4ax1-Sey4yowSBTqO2UxFDFQ41N83bUl0mDaABDJrLVpYYlyLqeKdHPR6pfgLQBI8Ri3G14k4-wTlgeY343SeW_SUGuAcUWRi0URz6mJ6WZYircl11znybMD2q1oFwGPvhFmcJkihQENyFkOlOMoFXx4UNCB_qIeYQkNfCApqW0rIp3qWVf5GS2RPt6E1KDxrNjcMLYK5yrA_RFvYf3jqZtH1c1mxdrItD5PnJ1u-gxmNnIiO_Ws319BOKemafNwdqj9l-EG2ghGVZm639CgHuz3jrUvfFIx56hYIH3qTgF9DzeOhj6yeQAedH2-X0oJEtZQY3mM4vjbHFd9UOG6ycB55G8yEsPMe9xCbF9mhNvYWSDEB03OQkJqexp0H8eFO6HSZnVNJdNOY7ku20hkWrrRfztKyhBU0RIXb5_S9HoPoIpvjBbvOnZfv_x4CXNXvfdfFY5gukZ33JaM24rYD4bJBle4_M5nNGfpwTHHCuTDUrCNYoCXa8mU3utmT0HD2JSZ5pSnO_Rvoguc3gZFc_o2O7TiMuK8fFAyVZ1voJQLZUP3WS5kF97popIXnF5bbpMugBnNlQ8d9dZywB3yy46l_aU3wlR4SxzLmUL49z4moEfhu1jKasE5OqOICfeXcYGAFx2Qify0d2t8wpAuRG6enJ11NwBebHTXEEZU0VPwjVJOaH95kQ6dLt8irlJy4h19kXq9IpCmCqYzOZ4PC0k9tGafT2DeBD8&xkcb=SoCs-_M3bJbp9pQiNJ0LbzkdCdPP&p=12&fvj=0&vjs=3,CyberCoders,"Remote in Austin, TX 78703+4 locations","$120,000 - $140,000 a year",2 days ago
223,Principal Software Engineer - Data Architect,https://www.indeed.com/rc/clk?jk=4774d1927fb4334b&fccid=ccf9f96e8cae7bb9&vjs=3,WellSky,"Remote in Austin, TX",NA,20 days ago
224,Principal Data Engineer (Remote),https://www.indeed.com/rc/clk?jk=865b002c063de2a5&fccid=024f492ec424f077&vjs=3,Advance Auto Parts,"Remote in Austin, TX 78701",Full-time,30+ days ago
225,Sr. Data Engineer,https://www.indeed.com/rc/clk?jk=4f451388d096307c&fccid=19327ae379f6e1a2&vjs=3,Experfy Inc,"Austin, TX",NA,30+ days ago
226,Data Security Engineer,https://www.indeed.com/rc/clk?jk=823b4f0d3a0b4c93&fccid=fe2257615884b620&vjs=3,Bausch + Lomb,"Austin, TX 78703",NA,30+ days ago
227,"Principal SRE Engineer - Data Platform, Segment Infrastructure",https://www.indeed.com/rc/clk?jk=2801b31f46c4d219&fccid=2cd10564780b27e2&vjs=3,Twilio,"Remote in Austin, TX",NA,30+ days ago
228,GCP Data Engineer - Sr Consultant,https://www.indeed.com/rc/clk?jk=f0d2bae1cc8943a1&fccid=9e215d88a6b33622&vjs=3,Deloitte,"Austin, TX",Full-time,30+ days ago
229,Sr. Data Engineer - Visa Business Solutions Product Development,https://www.indeed.com/rc/clk?jk=8125f729fd4da132&fccid=a3f737e511d9fc8c&vjs=3,Visa,"Austin, TX",Full-time,30+ days ago
230,Senior Software Engineer Full Stack - Data & AI Platform - BI & Analytics Development,https://www.indeed.com/rc/clk?jk=37f54f4a430c1b05&fccid=a3f737e511d9fc8c&vjs=3,Visa,"Hybrid remote in Austin, TX",Full-time,30+ days ago
231,Data Engineer - Hybrid,https://www.indeed.com/pagead/clk?mo=r&ad=-6NYlbfkN0BR3ykMnr3Vw97HK5IC0i9Uo32NXohanwqRY-CI8z69bl4xOa6Yve6w6NlWd53uNOekdCWmtR-tsx8dTIejE1n97cSpWQrGEHe9dTNXEJ1Fhm96L-k1ZjmglOjPrmyDq_UXoGsfQyr6Thm9vZODQ5mk-miek5bwZW7xEJDqKJqhCLP4AmZx8s6kc-ULb7Sy0jt6plTfGgjjV3BkgTpf1F7hFyTQpzLRyhGN4xROrD3gMXj-vL20JYfClpiN5mYZ16aR85JAUDXn9Q67Vxvgxea5FxISjYeKgPnpRj1tRXeacc6SSYfRVvIYrBrF0IS_BAFvRO5Mt0k0UNjyQ0rN_6Z2JXVgBhGL2UvbJ63MDfTlBDDen5WNEGS_V6ca9TpgxrO8gRptO-fEYD4Fzr50JvQqnLEIg3oKoC8M7yjUU41tCgqrNZxbHREyGwI_IC1bXqnPRVtn8LROdtZqAiQwVAL5487r6hMeWR0kQREfv2uTto6hrHQkMm2UK7E94LBuxm4j7aNv0rCDHEau1eS8V_xJa9xvx9lYLcBkUjHC9QZimhfxH7Fj7wV5dgTsQAgPhsvS4mMwvISjr66Y0JNKj130zrY2r7V61c_EW4Q2tO_-cxXBfqFDve1FAZ1U8zUR5cvp5u2DSylBtksrwuHay7HOcBwpjA3iNED81qqnDRV79bUqNiXRqbIWVg6s1PTRTonnosqmsMiwjVw9WCVORvl6KgU6eclO2Z40igHN_m0TMOWPHWICI8hYSHt9ZYzo9u4MKXD-7yQEQ1oo3tiihfe_nrpA0ivpGkw5ESsDGaN-uaDX834UvOdelsxhYy-j962id6n8bEDD28arUVNxlaKcmFIaJjSW-QH6E1Ai6Rjymz6CaF_HkkIc3sqBRufhPfNwwHp_3yr9ebWugrfisDx_OpgN4HqJ746Os1ISNM-8zj-PzcOJ_eL8gygF9r85evCL8fvCJ_9URg_HtsFAoDsVcVHnqnoRdeQGG3s1u3bkiZwQXaPVhbysLEYGMJYZDJhXeqnqJt9QZp475ypc1ElD8r50pXBJxj4Oad1e51lK9iCkcGG_M6Mz6tajuLl_4LI32piUb9pj_g==&xkcb=SoAi-_M3bJbpdP2aZZ0KbzkdCdPP&p=6&fvj=0&vjs=3,Michael Page,"Austin, TX+1 location","$100,000 - $180,000 a year",30+ days ago
232,Sr. Data Center Delivery Engineer - Federal,https://www.indeed.com/rc/clk?jk=b4f618079d1329da&fccid=d9cf78b5cbf8e15d&vjs=3,CDW,"Austin, TX 73301 (St Edwards area)",Full-time,30+ days ago
233,"Principal Engineer, Data Engineering",https://www.indeed.com/rc/clk?jk=e27980eedf2a5111&fccid=0b850445aa5017dd&vjs=3,Somatus,"Remote in Austin, TX",NA,23 days ago
234,Senior Software Engineer - Data Platform,https://www.indeed.com/rc/clk?jk=9320b6aeebd5e7de&fccid=3911cf63fc0692f4&vjs=3,Canonical - Jobs,"Remote in Austin, TX",NA,30+ days ago
235,SASE Data Plane Engineer,https://www.indeed.com/rc/clk?jk=6c21f735ad4c7b4d&fccid=b2dfecf26e2516e5&vjs=3,Lookout,"Austin, TX",NA,30+ days ago
236,"Sr. Consultant, Data Engineer - Visa Business Data Solutions",https://www.indeed.com/rc/clk?jk=902208ef56d043df&fccid=a3f737e511d9fc8c&vjs=3,Visa,"Austin, TX",Full-time,30+ days ago
237,Data Engineer,https://www.indeed.com/pagead/clk?mo=r&ad=-6NYlbfkN0AuKz8EBO1xHDEL7V2YF9xF3dC_I9B9i-Zw2Jh8clPMK9BxhHDJszxSyW718EipT5ODDp4wqEc4bddU4NvPr_jVP01HY3NKgb17y3c7hRHPnH8jG6bs6FErOPfAv35vT1jfvgcXEBmjzHoLaYq26L1Bd3Z0mtZWckhlgfXYNGnSqKfFbIO4v0rDbIgwMSIgRp64s_877s8XBsHJXnBDk_wjhcRl8PkXTshzB58Uo26wugyRw6_0D3ObXmhqZu9btpvb5phv-_WpNP48OBR6vvnqFIYR_kNpjLVY73DkgeZ6FCS5Fcdzmvf6xGn-6B0h88jkTquBN26eBoQ_Eigka5t__xDe5-eD-sGHINtiHPOWCOT02_JufgKs7z71ed8BFUe6G6WDuDhZb903-yUlMQK-RNyTRaMvNDr_utz2phITnAFJgtK88m1aXrOJsSkijo16IJwDM7iPoZNo0e4F8CVN3yUhm58he05BpDj85b9I4gqENyB2RbpSu50CdAVbMl4Ql2R-FYdjusDvj98ZmuAXefj3BxQiRP1ma-S-kP5IgY_6wgJUUmeVaQ4IoE9pTsXRfsq3dZEIvwKIHgCMWfa85_PIc74q06D7ubnE39Zes6Aw3alFjSLsz16NhjiVMVMnkmia4Ty5sX7vvGjwuZsuZK0kXlnysjY8TFFd_z-ygtwxxxphZdkXBNK_Cal77FC-lkRZpdbghKQid5C1HPw9nPk7LU_H0c8PDaEauxI542CYEajXJ8zEou4H4aFykuWIsCLFXQXD90Q73xaxjzPaxP2-b8vuznmScpkYOWKCYlo6_HRU6trKIzZl9qitPlgzOnx4KIsGgbotJS5L1X6eppecGgdtfCTcdIV97T_LgrehmkEWzZbz1S70M8ynd-bgqVwbkdqVRfFMnGUN_ZvyzGXfxU8cmFZOfw1_sJduLYIsZLqCW4hik6QPpZRO3HFrcXMnajkv5qzYqy36Gr6h65pHkVrYg2E=&xkcb=SoBd-_M3bJbpdO2aZZ0LbzkdCdPP&p=12&fvj=0&vjs=3,TEKsystems,"Remote in Austin, TX 73301",Contract,1 day ago
238,Principal Data & Analytics Engineer - Remote,https://www.indeed.com/pagead/clk?mo=r&ad=-6NYlbfkN0BgFF5tlSdwoM7wmJWONbrOEthjWEl29-Sc8eoV-Qdll_O7rG9AWHP3ekI4zcls4p_SZjtoszBfDilATb5WIrjjfC-jIeX1pSMlIbYDDjbGAWxlWd1pfPjNkGsE6B1CCfHfNfOsuFAzOZRzG91WvkZUMoy1_r8T-8_BXork21Yt77cW1GbiRCEmWYv2Zu67rRd7jVDSt4HS07HGkpOXXbqF47iV72qqwrp6T0RJIdl-i8Szfu2v8bc0Ddp5k-BR4ldW0HHBTaUtS6-e_JODH9GdFsU4-RHbtL-Et2DvjBsfGU0F1qFAvkfklXc2d6S4H_chDzJBO-IBi3EpXctfvIVP1VciV10Xj-vbiLftP19KgSj1XxLWN1BVT1MoIafEPe_K50xxS5aWcEbZ00TR_7v_un9MGR5QeYMIoTLk7gUDgo29YmcE8Ekaqa6B6AKw8SF2quIxOBQL_xDNpO-_CX34w3cj2cVPbKSNeYVjx0KJYkrJlBVDtF7c6rsxVt_eBrpFAxYsO-JTibKZYvb9zOA1Lt5EQeBw3YmkQmUaTffu4cjP3cbkjBnHOBozF7RvozUE9x2rfAOgNjVHIJ-AaPy0ysJPqkUSEkj5DyKy9E9onkl4w27UVjPhKNSKJJ1nefPX4P-e2YSnc7XLdpb1fpLJ0csZMQzXrpGJHWcCbG2FMMzbpDFMqgIB_rk_urMest695SZ_LGpqwU-xkAxylgTHwMUcQX1S37Y=&xkcb=SoBf-_M3bJbpdJWaZZ0KbzkdCdPP&p=13&fvj=0&vjs=3,"Center for Internet Security, Inc.",Remote in United States,Full-time,30+ days ago
239,Data Visualization Engineer,https://www.indeed.com/pagead/clk?mo=r&ad=-6NYlbfkN0Bz5kkvlaS3b0aS7s03RKw5iFZ7caX6dlG-gGIkZYE20K6HQLBjSf1kg_ZiF6vqfnDcCxCOK3Qy5HRJ76qvmKZmsazgHXDj9gJmAI9asU9cWQ883IuBGZXY7frxkmeHeKYsdRrFNusI1ujQi9BzS0P2rHgenubcprUkDWDGZJRIqs7f5cReFjqOTYbIxRIfG2zZSU9p2_yw7UnokoCoh3UOT7CbPILzN6IRs0VR_Z2B-91xRxi0fYVrUJxMMYzpEHBfcmpiA5pd4wLQwoNGsFGm1Z1JCdGkV5Pqy3OE1TuteymS0iJHySwb3K59Z6hbozeY5FvxZ_G9f8T65xcQe5x2gAskJWbXRJeWchL8zlAJHBPK4zg2ZbFY1kjAUneEA_OJJlCe8vX9efPxjxKmhxwO2qiTNpFVvoTMzevpdpGBs0jAIOhRFXOT_ADXND6bAAzRqGLXymPN8696r-gW2tWPzhCneigj8uY=&xkcb=SoB2-_M3bJbpdJWaZZ0IbzkdCdPP&p=14&fvj=1&vjs=3,Nastech,United States,"$120,000 - $150,000 a year",3 days ago
